"Qty";"Value";"Device";"Package";"Parts";"Description";"ARROW_PART_NUMBER";"ARROW_PRICE-STOCK";"AVAILABILITY";"DESCRIPTION";"HEIGHT";"MANUFACTURER_NAME";"MANUFACTURER_PART_NUMBER";"MF";"MOUSER_PART_NUMBER";"MOUSER_PRICE-STOCK";"MP";"MPN";"OC_FARNELL";"OC_NEWARK";"PACKAGE";"POPULARITY";"PRICE";"PROD_ID";"PURCHASE-URL";"SPICEPREFIX";"VALUE";
"1";"";"CONN_02LOCK_LONGPADS";"1X02_LOCK_LONGPADS";"J1";"Multi connection point. Often used as Generic Header-pin footprint for 0.1 inch spaced/style header connections";"";"";"";"";"";"";"";"";"";"";"";"";"";"";"";"";"";"";"";"";"";
"1";"";"PINHD-1X3";"1X03";"JP2";"PIN HEADER";"";"";"";"";"";"";"";"";"";"";"";"";"";"";"";"92";"";"";"";"";"";
"2";"";"SOLDERJUMPERREFLOW_NOPASTE";"SOLDERJUMPER_REFLOW_NOPASTE";"A0, A1";"SMD Solder JUMPER";"";"";"";"";"";"";"";"";"";"";"";"";"";"";"";"";"";"";"";"";"";
"1";"0.1/1% (PT2512FK-070R1L)";"RESISTOR2512";"2512";"R1";"Resistors";"";"";"";"";"";"";"";"";"";"";"";"";"";"";"";"";"";"";"";"";"";
"5";"0.1uF";"0.1UF-0603-25V-(+80/-20%)";"0603";"C1, C3, C8, C11, C17";"0.1µF ceramic capacitors";"";"";"";"";"";"";"";"";"";"";"";"";"";"";"";"";"";"CAP-00810";"";"";"0.1uF";
"1";"0.1uF";"C-EUC0805";"C0805";"C6";"CAPACITOR, European symbol";"";"";"";"";"";"";"";"";"";"";"";"";"";"";"";"88";"";"";"";"C";"";
"1";"1.2k";"150KOHM-0603-1/10W-1%";"0603";"R21";"150kΩ resistor";"";"";"";"";"";"";"";"";"";"";"";"";"";"";"";"";"";"RES-09117";"";"";"150k";
"1";"100k";"750KOHM-0603-1/10W-1%";"0603";"R15";"750Ω resistor";"";"";"";"";"";"";"";"";"";"";"";"";"";"";"";"";"";"RES-13768";"";"";"750K";
"5";"10k";"10KOHM-0603-1/10W-1%";"0603";"R2, R3, R4, R5, R6";"10kΩ resistor";"";"";"";"";"";"";"";"";"";"";"";"";"";"";"";"";"";"RES-00824";"";"";"10k";
"2";"10k";"R-EU_R0805";"R0805";"R9, R11";"RESISTOR, European symbol";"";"";"";"";"";"";"";"";"";"";"";"";"";"";"";"86";"";"";"";"R";"";
"2";"10uF";"10UF-0603-6.3V-20%";"0603";"C2, C7";"10.0µF ceramic capacitors";"";"";"";"";"";"";"";"";"";"";"";"";"";"";"";"";"";"CAP-11015";"";"";"10uF";
"1";"10uF";"22UF-1206-50V-10%";"1206";"C14";"22µF ceramic capacitors";"";"";"";"";"";"";"";"";"";"";"";"";"";"";"";"";"";"CAP-15263";"";"";"22uF";
"1";"150k";"150KOHM-0603-1/10W-1%";"0603";"R7";"150kΩ resistor";"";"";"";"";"";"";"";"";"";"";"";"";"";"";"";"";"";"RES-09117";"";"";"150k";
"4";"220";"20OHM-0603-1/10W-1%";"0603";"R10, R12, R22, R23";"RES-07862";"";"";"";"";"";"";"";"";"";"";"";"";"";"";"";"";"";"RES-07862";"";"";"20";
"1";"22uF";"22UF-1206-50V-10%";"1206";"C15";"22µF ceramic capacitors";"";"";"";"";"";"";"";"";"";"";"";"";"";"";"";"";"";"CAP-15263";"";"";"22uF";
"2";"4.7uF";"4.7UF-0603-35V-(20%)";"0603";"C16, C18";"4.7µF ceramic capacitors";"";"";"";"";"";"";"";"";"";"";"";"";"";"";"";"";"";"CAP-14106";"";"";"4.7uF";
"1";"470nH";"FERRITE_BEAD-0805-600Ω-100MHZ";"0805";"L1";"Ferrite Bead (blocks, cores, rings, chokes, etc.)";"";"";"";"";"";"";"";"";"";"";"";"";"";"";"";"";"";"NDUC-14988";"";"";"600Ω";
"2";"5.1k";"5.1KOHM5.1KOHM-0603-1/10W-1%";"0603";"R18, R19";"";"";"";"";"";"";"";"";"";"";"";"";"";"";"";"";"";"";"RES-12083";"";"";"5.1k";
"1";"511k";"750KOHM-0603-1/10W-1%";"0603";"R13";"750Ω resistor";"";"";"";"";"";"";"";"";"";"";"";"";"";"";"";"";"";"RES-13768";"";"";"750K";
"1";"91k";"750KOHM-0603-1/10W-1%";"0603";"R14";"750Ω resistor";"";"";"";"";"";"";"";"";"";"";"";"";"";"";"";"";"";"RES-13768";"";"";"750K";
"1";"AO3401A";"PMOSSOT23";"SOT-23";"T1";"MOS FET";"";"";"";"";"";"";"";"";"";"";"";"";"unknown";"unknown";"";"15";"";"";"";"";"";
"2";"BLUE";"LED-YELLOW0603";"LED-0603";"D1, D2";"Yellow SMD LED";"";"";"";"";"";"";"";"";"";"";"";"";"";"";"";"";"";"DIO-09003";"";"";"Yellow";
"1";"CH340C";"CH340C";"SO016";"U4";"";"";"";"";"";"";"";"";"";"";"";"";"";"";"";"";"";"";"IC-14038";"";"";"";
"1";"EG1213";"EG1213";"SW_EG1213";"S1";"EG Series SPDT On-On Right Angle Through Hole Slide Switch Check prices";"";"";"In Stock";" Slide Switch SPDT Through Hole, Right Angle ";"";"";"";"E-Switch";"";"";"EG1213";"";"";"";"None";"";"None";"";"https://pricing.snapeda.com/search/part/EG1213/?ref=eda";"";"";
"1";"ESP-WROOM-32E";"ESP-WROOM-3232D-NARROW";"ESP-WROOM-32D-NARROW";"U2";"ESP-WROOM-32D - trace antenna (includes keepout)";"";"";"";"";"";"";"";"";"";"";"";"";"";"";"";"";"";"IC-15676";"";"";"";
"1";"INA219BIDCNT";"INA219";"SOT23-8";"SENSORCORRIENTE";"INA219 - I2C Current/Power Monitor";"";"";"";"";"";"";"";"";"";"";"";"";"";"";"";"";"";"";"";"";"";
"1";"JUMPER-SMT_2_NO_NO-SILK_ROUND";"JUMPER-SMT_2_NO_NO-SILK_ROUND";"SMT-JUMPER_2_NO_NO-SILK_ROUND";"JP1";"Normally open jumper";"";"";"";"";"";"";"";"";"";"";"";"";"";"";"";"";"";"";"";"";"";
"1";"JUMPER-SMT_3_NO_NO-SILK";"JUMPER-SMT_3_NO_NO-SILK";"SMT-JUMPER_3_NO_NO-SILK";"TP2";"Normally open jumper";"";"";"";"";"";"";"";"";"";"";"";"";"";"";"";"";"";"";"";"";"";
"1";"MAX17048";"MAX17048DFN8";"DFN-8";"U7";"Micropower 1-Cell Li+ ModelGauge";"";"";"";"";"";"";"";"";"";"";"";"";"";"";"";"";"";"IC-12551";"";"";"MAX17048";
"1";"MBT3904DW1T1";"TRANS_NPN_DUAL-MBT3904DW1T1";"SC70-6";"U5";"Dual NPN Transistors in Single Package";"";"";"";"";"";"";"";"";"";"";"";"";"";"";"";"";"";"TRANS-13337";"";"";"";
"1";"PRTR5V0U2F";"PRTR5V0U2F";"SOT886";"D5";"A small ESD protection device. Most commonly used on USB D+/D- signals to protect large, expensive, or especially sensitive USB enabled devices.";"";"";"";"";"";"";"";"";"";"";"";"";"";"";"";"";"";"DIO-14084";"";"";"";
"1";"REYAX";"PINHD-1X5";"1X05";"J3";"PIN HEADER";"";"";"";"";"";"";"";"";"";"";"";"";"";"";"";"69";"";"";"";"";"";
"1";"SHT40-AD1B-R3";"SHT40-AD1B-R3";"SHT40AD1BR3";"TH";"Humidity/Temperature Sensor Digital Serial (I2C) T/R";"";"";"";"Humidity/Temperature Sensor Digital Serial (I2C) T/R";"0.59mm";"Sensirion";"SHT40-AD1B-R3";"";"403-SHT40-AD1B-R3";"https://www.mouser.co.uk/ProductDetail/Sensirion/SHT40-AD1B-R3?qs=zW32dvEIR3sa7U6cFW6pBw%3D%3D";"";"";"";"";"";"";"";"";"";"";"";
"2";"SKRKAEE020";"SKRKAEE020";"SKRKAEE020";"SW1, SW2";"Tactile Switches 3.9x2.9x2.0mm 160gf Packaging Temp 80oC";"";"";"";"Tactile Switches 3.9x2.9x2.0mm 160gf Packaging Temp 80oC";"2mm";"ALPS Electric";"SKRKAEE020";"";"688-SKRKAEE020";"https://www.mouser.co.uk/ProductDetail/Alps-Alpine/SKRKAEE020?qs=MrosSN5%252BUQW89XjXIp8Ugw%3D%3D";"";"";"";"";"";"";"";"";"";"";"";
"2";"SS34";"DIODE_TVS_UNI";"DO-214AC";"D3, D7";"";"";"";"";"";"";"";"";"";"";"";"";"";"";"";"";"";"";"DIO-15812";"";"";"SMAJ36A";
"1";"TJ-S1615SW6TGLCCSRGB-A5";"OSTB0603C1C";"LED_OSTB0603C1C";"D8";"LED; SMD; 0603; RGB; 1.6x1.5mm; 120°; Variant: tricolou Check availability";"";"";"Not in stock";" LED";" SMD";" 0603";" RGB";" 1.6x1.5mm";" 120°";" Variant: tricolou ";"";"";"";"OptoSupply";"";"";"OSTB0603C1C";"";"";"";"0603 OptoSupply";
"1";"TP4056";"TP4056";"SOP127P600X175-9N";"U13";"Complete single cell Li-Ion battery with a constant current / constant voltage linear charger  Check availability";"";"";"Not in stock";" Complete single cell Li-Ion battery with a constant current / constant voltage linear charger ";"";"";"";"NanJing Top Power ASIC Corp.";"";"";"TP4056";"";"";"";"None";"";"None";"";"";"";"";
"1";"TPS63802DLAR";"TPS63802DLAR";"VREG_TPS63802DLAR";"U11";"Buck-Boost Switching Regulator IC Positive Adjustable 1.8V 1 Output 2A 10-VFDFN Check availability";"";"";"In Stock";" 2-A, high-efficient, 11-µA quiescent current buck-boost converter in QFN/DFN package ";"";"";"";"Texas Instruments";"";"";"TPS63802DLAR";"";"";"";"VSON-HR-10 Texas Instruments";"";"None";"";"https://pricing.snapeda.com/search/part/TPS63802DLAR/?ref=eda";"";"";
"1";"USB Female Type C Connector";"USB_C_4-LAYER_PADS";"USB-C-16P_4LAYER-PADS";"J2";"USB Type C 16Pin Connector";"";"";"";"";"";"";"";"";"";"";"";"";"";"";"";"";"";"CONN-14122";"";"";"";
